{
  "version": 2,
  "builds": [
    { "src": "public/**", "use": "@vercel/static" },
    { "src": "api/**/*.js", "use": "@vercel/node" }
  ],
  "routes": [
    { "src": "/api/health", "dest": "/api/health.js" },
    { "src": "/api/stats", "dest": "/api/stats.js" },
    { "src": "/api/upload", "dest": "/api/upload.js" },
    { "src": "/api/upload-url", "dest": "/api/upload-url.js" },
    { "src": "/dl/(.*)", "dest": "/api/dl.js?file=$1" },
    { "src": "/fl/(.*)", "dest": "/api/dl.js?file=$1" },
    { "src": "/(.*)", "dest": "/public/$1" }
  ]
}
